Instance ID,Lowest CPU Utilization,Highest CPU Utilization,Average CPU Utilization,Lowest Memory Utilization,Highest Memory Utilization,Average Memory Utilization,Lowest Disk Read BPS,Highest Disk Read BPS,Average Disk Read BPS,Lowest Disk Write BPS,Highest Disk Write BPS,Average Disk Write BPS
i-k1aafcztonseplipknuw,null,null,null,null,null,null,null,null,null,null,null,null
i-k1adlzu5w4tnjmkloqo1,21.78%,38.80%,29.13%,null,null,null,0.00 KB,1562.93 KB,113.52 KB,115.93 KB,4200.67 KB,1051.17 KB
i-k1aan4jn2bq2mgsgdi7q,null,null,null,null,null,null,null,null,null,null,null,null
i-k1agln6fbn3x325y4ujm,7.47%,54.88%,16.67%,34.34%,36.37%,35.29%,0.00 KB,765.26 KB,36.99 KB,87.13 KB,6387.53 KB,2348.99 KB
i-k1a0oe0boslovg4058uh,15.56%,53.05%,21.20%,27.73%,31.05%,29.67%,11.40 KB,2754.86 KB,202.79 KB,222.40 KB,10584.00 KB,2982.81 KB
i-k1agqsi8sclydcl7c29t,null,null,null,null,null,null,null,null,null,null,null,null
i-k1a5ily5wucxexrx6hs5,4.18%,54.50%,14.70%,18.92%,22.02%,20.27%,0.00 KB,1830.12 KB,113.69 KB,64.33 KB,10000.20 KB,2340.26 KB
i-k1a5jts5957vvh6bgbfk,5.17%,52.76%,11.90%,77.90%,79.77%,78.53%,86.13 KB,6722.86 KB,1415.73 KB,8008.87 KB,12397.67 KB,10779.70 KB
i-k1a0q8wtn7an0y8ede1o,null,null,null,null,null,null,null,null,null,null,null,null
i-k1acjdhojwup01ga0dd2,null,null,null,null,null,null,null,null,null,null,null,null
i-k1ai427v8bhyoxebhlme,null,null,null,null,null,null,null,null,null,null,null,null
i-k1afar8a0nwgtvohz118,null,null,null,null,null,null,null,null,null,null,null,null
i-k1a3a8ksiafqa6zrrwfx,null,null,null,null,null,null,null,null,null,null,null,null
i-k1ag7qk7kzq5zfvst27y,null,null,null,null,null,null,null,null,null,null,null,null
i-k1ag7qk7kzq5y4j23o31,null,null,null,null,null,null,null,null,null,null,null,null
i-k1a3a8ksiafpwbsy97oh,null,null,null,null,null,null,null,null,null,null,null,null
i-k1a90oki8n5zppwdrrds,9.66%,53.06%,27.50%,67.43%,70.11%,69.03%,15946.80 KB,20514.76 KB,18172.70 KB,115.07 KB,10885.73 KB,4483.65 KB
i-k1a9aotour1cpmujmx78,7.77%,52.18%,20.34%,33.49%,36.78%,35.12%,0.00 KB,5509.86 KB,338.44 KB,136.27 KB,9312.60 KB,2863.08 KB
i-k1aj9n1uew0ias3idlx7,null,null,null,null,null,null,null,null,null,null,null,null
i-k1aj9n1uew0ias3idlx6,null,null,null,null,null,null,null,null,null,null,null,null
i-k1adr238tl09g1jx4lv5,6.48%,97.39%,30.47%,36.90%,44.08%,39.65%,0.27 KB,7428.93 KB,459.27 KB,65.93 KB,8742.80 KB,2461.60 KB
i-k1ahlg0mqfhpff2rmk68,13.64%,52.59%,21.32%,56.82%,61.71%,59.82%,6924.69 KB,12794.66 KB,8502.59 KB,2137.53 KB,10495.00 KB,3732.07 KB
i-k1aake43q5ptqztqrlwh,54.43%,100.00%,93.80%,73.26%,75.56%,74.72%,6239.41 KB,405990.00 KB,94956.45 KB,1755.53 KB,11654.60 KB,5523.15 KB
i-k1ajebgm8f9vjjs7bjkg,1.67%,30.91%,7.98%,57.11%,59.46%,58.56%,150.47 KB,6340.45 KB,1065.16 KB,165.27 KB,8790.60 KB,2662.24 KB
i-k1aff9w54dcc6auccqqg,22.00%,57.78%,30.05%,33.94%,36.45%,35.29%,2617.73 KB,14017.73 KB,11514.82 KB,1098.40 KB,9614.53 KB,2909.43 KB
i-k1a2w2d90sizy5fu4ymf,null,null,null,null,null,null,null,null,null,null,null,null
i-k1a7on3fhoshld6la9ae,5.81%,9.79%,6.58%,51.85%,53.03%,52.35%,79.33 KB,1819.27 KB,1174.28 KB,154.33 KB,1175.67 KB,258.80 KB
i-k1a2bzvicoy3b4ls7g3i,3.73%,17.94%,13.85%,46.07%,63.20%,60.33%,403.87 KB,4262.33 KB,1838.34 KB,179.80 KB,6754.53 KB,5296.92 KB
i-k1a5mo23sjpcdsvd3krj,10.86%,29.19%,12.00%,69.26%,71.89%,70.79%,8051.57 KB,16230.67 KB,10956.68 KB,4697.87 KB,9143.47 KB,6767.65 KB
i-k1aidd3hbozpgnsan020,68.25%,98.60%,72.13%,54.72%,59.89%,58.44%,1632.67 KB,7484.07 KB,4573.01 KB,64.40 KB,9678.80 KB,6189.75 KB
i-k1adz38e0ec1rfe5uy6d,6.49%,52.16%,15.79%,31.02%,33.50%,32.60%,0.00 KB,2437.53 KB,225.37 KB,67.87 KB,7224.33 KB,2415.71 KB
i-k1adz38e0ec1rfe5uy6c,6.48%,29.89%,11.80%,79.72%,81.01%,80.47%,14.07 KB,5328.52 KB,560.99 KB,114.87 KB,9493.93 KB,2706.33 KB
i-k1a7iojmgjyzs9mri5ps,6.83%,54.11%,16.65%,51.87%,54.96%,53.23%,0.07 KB,4178.52 KB,233.09 KB,73.00 KB,8751.27 KB,2464.21 KB
i-k1ajbfnaibqgh5ffchjk,3.30%,7.02%,5.30%,31.02%,32.12%,31.73%,0.00 KB,103.60 KB,38.20 KB,16.67 KB,776.07 KB,117.84 KB
i-k1acoykarrbi3cc7pqbw,6.11%,13.98%,7.31%,36.04%,37.12%,36.63%,0.00 KB,996.47 KB,67.14 KB,38.80 KB,1096.73 KB,186.67 KB
i-k1a753go0tdd3vpws86y,20.23%,57.40%,25.99%,54.02%,55.61%,54.77%,0.00 KB,2497.79 KB,133.33 KB,121.80 KB,12357.07 KB,2963.88 KB
i-k1a7pwtwdw8rw1q72h16,4.12%,56.10%,17.62%,14.64%,15.74%,15.15%,0.40 KB,2100.12 KB,236.03 KB,111.40 KB,8385.13 KB,2530.62 KB
i-k1a3jyvj0as6ey4fwdum,5.77%,58.47%,16.15%,14.87%,15.91%,15.42%,0.47 KB,2151.59 KB,230.18 KB,111.67 KB,6651.47 KB,2741.70 KB
i-k1aecz2x6o6m47raf2ql,4.08%,50.40%,13.33%,60.38%,62.42%,61.39%,25.73 KB,4223.79 KB,362.42 KB,116.07 KB,6607.87 KB,2763.87 KB
i-k1a59t4efwqadthzvbv2,4.68%,51.52%,13.63%,56.29%,63.85%,59.04%,0.00 KB,2794.59 KB,247.20 KB,87.80 KB,8952.07 KB,2466.35 KB
i-k1acx85ys628pv21xtvl,8.52%,49.87%,19.37%,29.27%,33.28%,31.18%,0.07 KB,5076.32 KB,390.37 KB,142.67 KB,8094.13 KB,3113.75 KB
i-k1a2zw0o19dzxotsj727,7.88%,23.43%,19.11%,20.56%,21.24%,20.92%,56.73 KB,4928.93 KB,421.01 KB,727.53 KB,1256.80 KB,890.26 KB
i-k1a74l094z11ssegyqfj,10.20%,66.21%,60.52%,91.59%,91.76%,91.68%,4227.47 KB,14217.27 KB,10312.82 KB,336.40 KB,1587.27 KB,1129.19 KB
i-k1a50qnv60v65360f0lf,3.36%,11.97%,5.82%,35.48%,43.12%,38.20%,14.13 KB,80733.33 KB,2859.63 KB,488.00 KB,76965.93 KB,3966.68 KB
i-k1a6qpxemzhmwyxsbxj4,3.40%,4.04%,3.63%,17.82%,18.39%,18.20%,0.00 KB,72.93 KB,15.16 KB,31.53 KB,882.60 KB,126.75 KB
i-k1a6qpxemzhmwyxsbxj2,7.96%,9.95%,9.18%,19.17%,19.81%,19.56%,0.00 KB,83.33 KB,18.48 KB,23.67 KB,786.33 KB,134.52 KB
i-k1a6qpxemzhmwyxsbxj3,3.79%,5.06%,4.12%,17.15%,17.56%,17.40%,0.00 KB,30.47 KB,1.38 KB,35.80 KB,783.00 KB,121.55 KB
i-k1a6f8z5ll19s6ym2weo,3.49%,7.06%,4.73%,17.87%,18.39%,18.25%,0.00 KB,67.40 KB,14.33 KB,24.13 KB,315.73 KB,102.68 KB
i-k1a6f8z5ll19s6ym2wen,3.93%,4.65%,4.35%,19.06%,19.67%,19.53%,0.00 KB,90.93 KB,22.00 KB,35.73 KB,853.20 KB,128.57 KB
i-k1a6f8z5ll19s6ym2wem,2.70%,3.79%,2.97%,17.15%,17.64%,17.42%,0.00 KB,61.13 KB,6.98 KB,33.53 KB,776.33 KB,131.83 KB
i-k1a6f8z5ll190cmwuu9x,5.41%,13.50%,6.52%,47.18%,49.46%,48.38%,36.47 KB,1083.40 KB,245.35 KB,58.67 KB,1076.53 KB,223.20 KB
i-k1a6qpxemzhlhcao7vuf,24.18%,58.20%,34.68%,null,null,null,11491.47 KB,45909.53 KB,38647.06 KB,568.73 KB,1042.13 KB,937.42 KB
i-k1a7fbt939q6oylo9mkr,48.98%,84.21%,66.75%,35.30%,37.90%,36.76%,20578.07 KB,63982.53 KB,46417.57 KB,357.13 KB,37297.13 KB,29889.58 KB
i-k1a7fbt939q6oylo9mks,36.97%,69.41%,50.24%,35.57%,37.76%,36.60%,15709.07 KB,67130.33 KB,48565.40 KB,324.73 KB,37302.47 KB,29899.13 KB
i-k1a647ekypkwpn0limoz,4.20%,5.03%,4.41%,30.61%,31.93%,31.36%,0.00 KB,81.60 KB,15.96 KB,14.20 KB,852.73 KB,128.14 KB
i-k1afqkacxq8oi9qlm6dx,4.16%,48.45%,33.40%,56.60%,95.83%,92.42%,4270.73 KB,52110.93 KB,49165.81 KB,77.87 KB,7255.47 KB,6267.71 KB
i-k1afqkacxq8oi9qlm6dw,11.36%,36.09%,28.77%,88.02%,89.45%,88.75%,3132.73 KB,51943.07 KB,48361.89 KB,280.40 KB,3929.53 KB,1444.86 KB
i-k1a5ry00z81lzxh25fqp,7.38%,12.06%,9.32%,25.39%,26.21%,25.72%,1.67 KB,5150.47 KB,377.17 KB,217.00 KB,959.53 KB,562.01 KB
i-k1a5ry00z81lzxh25fqo,4.86%,6.50%,5.75%,17.49%,18.20%,17.77%,0.27 KB,5074.40 KB,239.08 KB,165.20 KB,774.80 KB,666.17 KB
i-k1a4yc65ei4k0y22zjlx,3.59%,9.22%,7.88%,20.48%,21.66%,20.83%,33.67 KB,5053.93 KB,334.68 KB,179.93 KB,1194.87 KB,686.37 KB
i-k1a64p3b880wppb1nnfs,3.25%,5.16%,3.65%,20.19%,20.79%,20.47%,57.73 KB,324.20 KB,123.78 KB,48.80 KB,874.40 KB,175.83 KB
i-k1aa2vjb5fxzizig4lad,5.60%,7.80%,6.88%,38.60%,42.04%,40.21%,0.00 KB,319.93 KB,60.69 KB,21.87 KB,1051.73 KB,127.55 KB
i-k1adwp3skwe2y4vqeyux,3.28%,4.62%,3.92%,57.89%,60.21%,59.41%,86.13 KB,218.00 KB,134.73 KB,32.73 KB,125.53 KB,89.11 KB
i-k1adwp3skwe2y4vqeyv0,4.87%,5.74%,5.32%,28.99%,30.20%,29.73%,0.00 KB,77.87 KB,29.24 KB,30.27 KB,1113.67 KB,130.19 KB
i-k1adwp3skwe2y4vqeyuz,2.98%,4.62%,3.69%,59.00%,61.28%,60.59%,96.40 KB,443.00 KB,207.89 KB,29.47 KB,125.60 KB,98.26 KB
i-k1adwp3skwe2y4vqeyuy,4.67%,6.12%,5.25%,61.90%,65.25%,64.27%,146.93 KB,866.47 KB,357.20 KB,17.13 KB,144.00 KB,92.45 KB
i-k1aap5yqav9fmwysap55,2.55%,30.28%,8.05%,null,null,null,0.00 KB,2537.46 KB,94.42 KB,105.40 KB,8144.33 KB,2518.62 KB
i-k1aap5yqav9fmwysap56,1.94%,9.60%,6.76%,50.03%,71.30%,55.41%,7.80 KB,359.00 KB,182.09 KB,41.07 KB,6634.47 KB,5722.83 KB
i-k1ab77rmcu8049zam0pf,2.10%,3.66%,2.93%,20.24%,20.90%,20.64%,0.00 KB,57.00 KB,7.64 KB,75.13 KB,245.80 KB,234.72 KB
i-k1add5h13ylik6icv926,null,null,null,null,null,null,null,null,null,null,null,null
i-k1ae6rawoqtk9vnmkp83,7.70%,95.72%,33.01%,30.26%,38.33%,33.67%,0.07 KB,6980.93 KB,452.11 KB,19.60 KB,8986.07 KB,2625.58 KB
i-k1ad2cq3lgfumb91lx4p,2.38%,3.12%,2.76%,20.07%,20.51%,20.26%,0.00 KB,154.67 KB,90.10 KB,50.00 KB,782.40 KB,123.75 KB
i-k1a01l31nfa5fb4vd8jg,7.81%,100.00%,13.74%,64.52%,98.87%,67.79%,65.33 KB,132968.00 KB,4825.86 KB,182.40 KB,6086.33 KB,711.53 KB
i-k1a9piib7oaiut0g1afk,5.63%,6.74%,6.37%,52.23%,53.47%,52.85%,0.00 KB,102.73 KB,43.51 KB,28.47 KB,788.40 KB,139.53 KB
i-k1aetgqvxw3rda9uwuc5,null,null,null,null,null,null,null,null,null,null,null,null
i-k1abb1tlouwgi0psfuz5,null,null,null,null,null,null,null,null,null,null,null,null
i-k1abb1tlouwgi0psfuz6,null,null,null,null,null,null,null,null,null,null,null,null
i-k1abb1tlouwgi0psfuz4,null,null,null,null,null,null,null,null,null,null,null,null
i-k1a8eipqt3zst10hn7z6,5.69%,6.81%,6.19%,50.37%,50.88%,50.74%,0.00 KB,57.40 KB,6.69 KB,36.20 KB,793.47 KB,142.48 KB
i-k1aiu7gyb8tfj7flztb5,5.42%,10.25%,7.76%,74.14%,74.75%,74.56%,149.40 KB,1040.27 KB,456.07 KB,231.67 KB,3868.60 KB,1385.14 KB
i-k1a1to2q7byf0k4lw3hp,4.94%,5.57%,5.26%,20.33%,21.08%,20.91%,0.00 KB,0.07 KB,0.00 KB,14.13 KB,779.20 KB,114.06 KB
i-k1a1to2q7byez8rv6qcd,10.46%,13.30%,12.00%,34.68%,35.61%,35.15%,29.27 KB,1127.07 KB,532.35 KB,115.40 KB,846.40 KB,151.52 KB
i-k1a1to2q7byez8rv6qce,7.99%,10.85%,9.04%,22.86%,23.60%,23.36%,16.87 KB,1632.27 KB,202.17 KB,113.87 KB,828.33 KB,154.20 KB
i-k1a1to2q7byez8rv6qcc,8.40%,13.14%,10.82%,27.13%,27.59%,27.39%,14.87 KB,529.80 KB,112.22 KB,116.67 KB,877.93 KB,163.12 KB
i-k1a1f4dzuxfu76kdpu9c,4.68%,28.62%,11.60%,76.67%,77.26%,77.01%,70.40 KB,353.07 KB,140.12 KB,115.67 KB,1144.00 KB,248.23 KB
i-k1a9v9da1jefsituv7nb,4.45%,25.95%,5.41%,11.72%,26.34%,16.44%,0.00 KB,1530.53 KB,49.57 KB,25.87 KB,145.67 KB,110.84 KB
i-k1ahdcyzz2vood8rwgpr,52.53%,98.77%,91.56%,63.11%,64.00%,63.72%,4576.47 KB,24803.40 KB,16651.57 KB,3338.00 KB,16411.27 KB,14362.16 KB
i-k1a4jfeshmyoyyxlfknq,56.47%,100.00%,96.46%,28.48%,98.99%,96.16%,3921.53 KB,117769.40 KB,39197.02 KB,61.73 KB,7799.73 KB,6290.26 KB
i-k1ahdcyzz2vontigrwwx,16.44%,99.54%,96.24%,68.82%,99.29%,95.53%,4898.47 KB,62135.20 KB,37007.85 KB,99.80 KB,7811.40 KB,6451.18 KB
i-k1a4jfeshmyomoyo78pi,39.93%,100.00%,91.72%,46.23%,86.01%,58.36%,20898.27 KB,49469.27 KB,36232.82 KB,6667.80 KB,25503.20 KB,20290.73 KB
i-k1aenpvx40wvk64u21dx,null,null,null,null,null,null,null,null,null,null,null,null
i-k1a4c8mfs9nvu8nv0o4v,7.97%,28.49%,16.68%,46.40%,70.47%,59.68%,19.73 KB,6617.20 KB,5952.89 KB,1640.20 KB,7631.53 KB,6323.61 KB
i-k1a32tdcz2ddjik59zqm,5.69%,51.94%,16.73%,22.84%,25.63%,24.07%,0.00 KB,2659.46 KB,143.97 KB,66.60 KB,8732.93 KB,2199.81 KB
i-k1ai2zro73xcmty8ej4b,1.97%,3.19%,2.51%,18.64%,19.30%,19.06%,0.00 KB,0.00 KB,0.00 KB,13.53 KB,187.47 KB,95.80 KB
i-k1aff4vh3vfg21fery9h,21.21%,50.17%,36.95%,50.79%,70.64%,68.16%,9024.27 KB,30041.67 KB,24918.72 KB,202.33 KB,7808.80 KB,6448.78 KB
i-k1aff4vh3vfg21fery9g,17.50%,57.87%,48.88%,55.11%,94.01%,71.18%,12873.80 KB,26084.73 KB,22656.33 KB,146.07 KB,7928.60 KB,6346.73 KB
i-k1aff4vh3vfg21fery9i,3.42%,7.91%,4.56%,64.19%,64.69%,64.55%,4269.07 KB,30698.87 KB,8931.50 KB,3507.60 KB,13764.87 KB,7098.52 KB
i-k1a6cfgvpivxegjrgvhk,4.76%,12.37%,6.63%,43.67%,49.14%,44.32%,43.40 KB,78497.27 KB,2856.97 KB,449.13 KB,82983.00 KB,4747.67 KB
i-k1a6cfgvpivxegjrgvhl,6.76%,15.02%,9.20%,34.11%,44.00%,36.42%,1.13 KB,79222.53 KB,3055.66 KB,687.93 KB,75227.20 KB,4886.09 KB
i-k1a6cfgvpivxegjrgvhj,6.31%,13.04%,8.45%,37.32%,40.12%,38.81%,34.07 KB,6874.67 KB,951.10 KB,5677.20 KB,11626.20 KB,9512.96 KB
i-k1a6cfgvpivxegjrgvhi,8.61%,14.70%,11.05%,38.68%,48.62%,40.07%,52.00 KB,2731.00 KB,418.13 KB,501.73 KB,40326.93 KB,2233.46 KB
i-k1a8o05e63kxdpburcnb,21.12%,59.01%,31.91%,17.01%,22.75%,19.13%,79.67 KB,31962.13 KB,2431.00 KB,183.47 KB,1284.00 KB,376.42 KB
i-k1a3y2s0lqt28oypnwoi,18.26%,32.26%,28.31%,19.83%,21.38%,20.81%,3503.53 KB,22372.87 KB,11153.40 KB,203.53 KB,795.00 KB,332.03 KB
i-k1ai1092iny0z6ofisyt,6.68%,12.31%,10.77%,77.85%,78.59%,78.09%,0.13 KB,206.73 KB,128.34 KB,56.13 KB,274.20 KB,149.65 KB
i-k1ai1092iny0z6ofisyu,6.21%,9.49%,6.98%,72.27%,76.62%,76.37%,20.87 KB,9393.80 KB,865.74 KB,233.33 KB,3494.67 KB,1404.14 KB
i-k1ai7qhhvjzzyznj7eai,3.47%,63.64%,21.74%,18.83%,99.39%,77.19%,2.33 KB,103910.53 KB,59598.10 KB,116.33 KB,5132.33 KB,1237.49 KB
i-k1ai7qhhvjzzyznj7eaj,3.71%,69.81%,32.81%,18.61%,99.23%,90.67%,19.67 KB,109000.00 KB,81403.96 KB,118.60 KB,11239.80 KB,1888.22 KB
i-k1ai7qhhvjzzyznj7eah,3.98%,63.15%,28.10%,41.52%,99.33%,95.32%,84.93 KB,107928.20 KB,89739.67 KB,213.20 KB,7692.67 KB,1397.83 KB
i-k1a6kiiifswst55hmr8b,4.06%,9.52%,4.89%,30.15%,31.28%,30.68%,2.13 KB,506.53 KB,112.57 KB,49.20 KB,1050.47 KB,180.76 KB
i-k1a8ag8ooaxzvgsphyyj,3.96%,4.72%,4.43%,19.60%,20.21%,19.92%,3.87 KB,141.53 KB,67.84 KB,51.93 KB,868.33 KB,138.69 KB
i-k1a8prz5n7jtxxk2ilrd,13.77%,75.31%,25.77%,39.60%,80.19%,62.54%,0.27 KB,45950.52 KB,15883.26 KB,64.67 KB,833.87 KB,274.52 KB
i-k1a8prz5n7jtxxk2ilre,12.01%,30.12%,24.37%,71.42%,84.71%,78.33%,450.87 KB,35317.53 KB,29387.39 KB,62.47 KB,1135.53 KB,323.40 KB
i-k1ag5z50dogtonv6pv4o,3.20%,4.18%,3.62%,31.21%,32.52%,32.18%,0.00 KB,90.53 KB,22.03 KB,22.27 KB,1108.73 KB,133.21 KB
i-k1aa3z4b2swfssfnj0gi,11.22%,36.58%,14.99%,12.77%,21.19%,15.50%,0.07 KB,347.87 KB,65.14 KB,80.07 KB,1243.53 KB,343.54 KB
i-k1aa3z4b2swfssfnj0gh,10.21%,33.37%,13.02%,14.08%,22.08%,18.56%,0.07 KB,439.33 KB,69.12 KB,73.73 KB,1184.00 KB,374.02 KB
i-k1aa3z4b2swfssfnj0gg,22.65%,66.26%,30.73%,55.71%,66.07%,61.15%,27591.27 KB,36381.13 KB,34075.78 KB,96.40 KB,1214.87 KB,276.19 KB
i-k1aa3z4b2swfssfnj0gf,24.26%,48.13%,34.04%,42.17%,57.61%,50.43%,22883.20 KB,40614.07 KB,36466.77 KB,104.67 KB,1243.67 KB,330.85 KB
i-k1a4x5gyy1ipcbounl5x,8.02%,14.30%,8.64%,31.70%,32.77%,32.46%,0.00 KB,88.40 KB,14.19 KB,17.67 KB,532.00 KB,114.29 KB
i-k1agtfhxcbol6fwm9a2f,7.58%,38.95%,26.96%,23.60%,24.71%,24.33%,0.07 KB,335.13 KB,161.51 KB,209.27 KB,6453.73 KB,2568.58 KB
i-k1agtfhxcbol6fwm9a2g,12.60%,30.47%,14.83%,74.29%,76.49%,75.63%,1191.87 KB,5625.00 KB,3095.10 KB,239.53 KB,7314.40 KB,5313.23 KB
i-k1a0dlnyilvbst0grpfk,5.04%,42.07%,9.27%,40.42%,45.58%,43.48%,38.20 KB,1370.13 KB,201.59 KB,51.33 KB,6885.13 KB,368.55 KB
i-k1a0dlnyilvbst0grpfl,4.80%,42.95%,9.19%,39.39%,41.84%,41.15%,0.00 KB,1667.53 KB,147.83 KB,52.27 KB,6870.87 KB,366.02 KB
i-k1a0u5mz5r0nk4te8oa5,5.97%,13.10%,7.49%,78.19%,83.41%,80.25%,236.60 KB,2577.67 KB,580.86 KB,2535.27 KB,2683.73 KB,2584.95 KB
i-k1a9zuc731xxkc640mch,7.86%,11.33%,8.61%,66.15%,72.45%,70.57%,801.87 KB,997.47 KB,895.94 KB,13.53 KB,252.93 KB,109.33 KB
i-k1adjteelv4u6sje4lwh,6.25%,10.84%,7.82%,46.35%,52.87%,49.59%,454.93 KB,3189.27 KB,2696.03 KB,23.07 KB,308.13 KB,160.35 KB
i-k1adjlpkeljhjj79wbtp,null,null,null,null,null,null,null,null,null,null,null,null
i-k1adjlpkeljhjj79wbtq,null,null,null,null,null,null,null,null,null,null,null,null
i-k1a9ma0x9n0m4cx2clt1,3.85%,9.92%,4.78%,17.22%,17.81%,17.62%,27.60 KB,671.47 KB,118.46 KB,41.00 KB,891.40 KB,663.63 KB
i-k1a9ma0x9n0m4cx2clt0,4.07%,10.68%,5.07%,26.52%,27.22%,26.94%,37.67 KB,516.07 KB,137.69 KB,40.33 KB,895.87 KB,673.44 KB
i-k1ago9rjk1ufypz8xum5,6.45%,8.33%,7.46%,60.67%,62.67%,61.86%,133.60 KB,3869.20 KB,1277.89 KB,51.20 KB,883.13 KB,390.83 KB
i-k1acsrulgeq3ezsq3vy6,2.71%,51.57%,17.70%,49.16%,54.73%,50.72%,0.93 KB,17368.33 KB,966.33 KB,285.13 KB,3265.40 KB,592.39 KB
i-k1acsrulgeq3ec4cr85p,6.62%,33.35%,25.45%,22.59%,28.43%,24.86%,2790.47 KB,22422.47 KB,15147.75 KB,408.33 KB,463.27 KB,426.97 KB
i-k1acsrulgeq3ec4cr85o,6.51%,36.04%,31.06%,23.48%,29.54%,25.90%,1655.80 KB,25402.93 KB,12699.90 KB,182.73 KB,577.13 KB,541.58 KB
i-k1a1rkppfco7mi5r4r4x,7.01%,68.56%,61.87%,19.01%,19.57%,19.29%,0.00 KB,11090.13 KB,361.12 KB,53.93 KB,1104.73 KB,157.60 KB
i-k1ajbgtjf3eiw1b81g4d,33.45%,38.20%,36.65%,14.45%,35.11%,16.28%,59697.13 KB,145154.87 KB,90748.93 KB,134.33 KB,91731.20 KB,16381.21 KB
i-k1ajb4vpsn4es09egd6a,28.33%,68.04%,34.63%,24.98%,33.81%,31.77%,0.00 KB,21827.23 KB,816.69 KB,210.00 KB,6504.93 KB,3500.72 KB
i-k1abh3t9i3m8132e587n,null,null,null,null,null,null,null,null,null,null,null,null
i-k1abh3t9i3m756qel8a9,28.77%,50.06%,41.39%,48.13%,49.61%,49.33%,34890.73 KB,51184.80 KB,42882.89 KB,84.67 KB,4177.87 KB,1111.86 KB
i-k1a9qchzeenayuwz0h9z,15.51%,30.98%,26.49%,70.82%,82.71%,73.88%,53.40 KB,12574.93 KB,2199.88 KB,286.80 KB,4480.13 KB,1241.39 KB
i-k1ac1qnwlmpndgwfufcc,70.09%,99.75%,87.47%,73.66%,80.17%,75.97%,8507.68 KB,37517.07 KB,28430.84 KB,16931.01 KB,63427.66 KB,26725.09 KB
i-k1agmbf6tma419vrku5c,4.55%,81.96%,18.87%,null,null,null,0.00 KB,2652.99 KB,310.94 KB,74.53 KB,11341.47 KB,3274.12 KB
i-k1aia6x576hizj9bcc3t,6.71%,10.65%,7.63%,36.50%,37.52%,36.99%,0.07 KB,5377.13 KB,369.94 KB,51.80 KB,854.13 KB,124.84 KB
i-k1addr06h3jj7ambxrk6,7.16%,11.24%,7.78%,17.47%,18.15%,17.81%,0.00 KB,1655.53 KB,93.67 KB,76.40 KB,9718.93 KB,8714.54 KB
i-k1abi54nlczwnvzwbzbl,6.73%,9.04%,8.09%,61.42%,64.98%,63.69%,3158.33 KB,6086.13 KB,5492.76 KB,462.60 KB,8794.67 KB,8158.59 KB
i-k1a22tlzyoetab74kiwg,4.40%,6.79%,5.14%,27.85%,28.62%,28.38%,0.00 KB,0.00 KB,0.00 KB,38.60 KB,860.07 KB,199.60 KB
i-k1a7jeoviplk0t474wi5,6.04%,67.60%,64.33%,8.43%,8.80%,8.59%,0.00 KB,0.00 KB,0.00 KB,36.53 KB,786.20 KB,137.33 KB
i-k1a3peyx4pgprbqoiqun,6.41%,67.95%,64.45%,60.90%,61.35%,61.15%,0.00 KB,20.33 KB,0.94 KB,35.80 KB,857.53 KB,138.18 KB
i-k1a3peyx4pgpr7smamvt,5.79%,67.77%,62.51%,8.41%,8.86%,8.59%,0.00 KB,0.07 KB,0.00 KB,36.80 KB,786.60 KB,127.42 KB
i-k1a3peyx4pgp8yrbsb57,null,null,null,null,null,null,null,null,null,null,null,null
i-k1a0encgwjkfrxuin25u,null,null,null,null,null,null,null,null,null,null,null,null
i-k1a0encgwjkfrxuin25t,null,null,null,null,null,null,null,null,null,null,null,null
i-k1a0encgwjkfrxuin25s,null,null,null,null,null,null,null,null,null,null,null,null
i-k1a0encgwjkfqijppml3,5.76%,68.19%,65.17%,7.39%,7.69%,7.61%,0.07 KB,1012.07 KB,49.34 KB,54.53 KB,784.40 KB,140.36 KB
i-k1a0encgwjkfqijppml2,6.12%,68.09%,65.18%,9.04%,9.40%,9.18%,0.07 KB,1888.40 KB,82.53 KB,52.33 KB,793.40 KB,137.86 KB
i-k1acfsasdquq5xwf1qxk,null,null,null,null,null,null,null,null,null,null,null,null
i-k1adj9emhfoygnxajec2,2.93%,67.63%,63.53%,30.55%,30.76%,30.65%,0.00 KB,0.47 KB,0.02 KB,41.20 KB,783.67 KB,142.68 KB
i-k1aewwjzsgzzfk87dv3y,3.05%,67.64%,63.77%,8.12%,8.63%,8.39%,0.00 KB,0.00 KB,0.00 KB,41.47 KB,777.47 KB,130.23 KB
i-k1aa7hn13zifuqd33ibr,11.32%,69.44%,60.71%,91.08%,91.29%,91.18%,2601.20 KB,23831.67 KB,10279.30 KB,347.60 KB,1493.93 KB,1065.54 KB
i-k1aa7hn13zifuqd33ibq,9.15%,66.02%,58.80%,90.87%,91.12%,91.03%,4424.60 KB,12728.80 KB,9568.03 KB,339.40 KB,1484.80 KB,1091.71 KB
i-k1agbkm6v945neof1n7j,3.96%,66.55%,58.77%,12.80%,13.49%,13.39%,0.00 KB,7805.47 KB,284.24 KB,53.00 KB,861.20 KB,142.41 KB
i-k1aa7hn13zifuaku72hu,3.87%,65.78%,61.11%,12.88%,13.54%,13.42%,0.00 KB,11191.07 KB,366.02 KB,46.40 KB,786.13 KB,142.18 KB
i-k1a2guubf9yxvz646g02,2.75%,68.77%,65.74%,20.95%,22.02%,21.43%,0.00 KB,38.87 KB,1.67 KB,83.60 KB,859.53 KB,384.76 KB
i-k1ahk2fqpmwh7q4uyrod,52.53%,99.60%,84.55%,91.83%,98.51%,97.92%,6063.07 KB,98487.00 KB,52645.25 KB,270.13 KB,7821.87 KB,6464.10 KB
i-k1a46v8nti2c175tonyv,null,null,null,null,null,null,null,null,null,null,null,null
i-k1a46v8nti2c0z9p8g1z,null,null,null,null,null,null,null,null,null,null,null,null
i-k1adywb8gj5lhzqr2opr,13.43%,33.53%,23.11%,86.16%,88.06%,86.90%,1910.73 KB,45475.47 KB,13457.61 KB,714.13 KB,2169.80 KB,1428.07 KB
i-k1adywb8gj5lhxrpymqj,7.72%,75.72%,72.54%,44.92%,46.32%,45.39%,0.00 KB,1292.00 KB,45.28 KB,94.67 KB,1084.47 KB,583.60 KB
i-k1a78x430bwhcnhgravy,39.17%,72.18%,70.54%,10.57%,15.00%,13.89%,568.27 KB,30854.87 KB,12213.54 KB,591.60 KB,4590.87 KB,1739.68 KB
i-k1a78x430bwhcjjej6xf,3.21%,41.10%,38.60%,37.43%,38.26%,38.17%,0.80 KB,18.80 KB,2.14 KB,113.73 KB,2770.07 KB,1504.68 KB
i-k1agbamat0747pry4qb6,5.53%,67.37%,56.42%,10.01%,10.90%,10.59%,0.00 KB,0.13 KB,0.00 KB,47.80 KB,865.53 KB,111.09 KB
i-k1a9m5etjlxdkegs7due,3.19%,67.66%,63.16%,13.13%,13.44%,13.37%,0.00 KB,0.00 KB,0.00 KB,45.13 KB,780.20 KB,217.51 KB
i-k1ahr0d09uw1kowh0t0k,3.07%,71.07%,66.23%,9.39%,9.59%,9.47%,0.00 KB,0.00 KB,0.00 KB,41.67 KB,1044.13 KB,147.46 KB
i-k1a9m5etjlxdkaipz9w3,3.61%,66.67%,63.51%,52.87%,53.01%,52.94%,0.00 KB,0.53 KB,0.02 KB,66.33 KB,916.67 KB,246.30 KB
i-k1ahr0d09uw17nb47qox,null,null,null,null,null,null,null,null,null,null,null,null
i-k1ahr0d09uw17nb47qop,null,null,null,null,null,null,null,null,null,null,null,null
i-k1ahr0d09uw17lc33opj,null,null,null,null,null,null,null,null,null,null,null,null
i-k1a9m5etjlxd74zay3mk,null,null,null,null,null,null,null,null,null,null,null,null
i-k1ahr0d09uw17fezriry,null,null,null,null,null,null,null,null,null,null,null,null
i-k1a9m5etjlxd6v45dtqn,null,null,null,null,null,null,null,null,null,null,null,null
i-k1af565nsy0ubr698muu,4.42%,9.10%,8.56%,33.93%,34.64%,34.48%,5174.20 KB,194015.13 KB,112897.51 KB,7148.47 KB,37480.73 KB,19957.49 KB
i-k1a31om43quurz5ksrfq,10.40%,65.86%,52.60%,10.04%,18.58%,11.66%,0.00 KB,3.07 KB,0.10 KB,81.80 KB,6610.60 KB,4530.81 KB
i-k1a31om43quurv7iknhd,4.81%,66.81%,52.40%,10.16%,10.96%,10.72%,0.00 KB,0.07 KB,0.00 KB,42.67 KB,1042.73 KB,114.17 KB
i-k1a31om43quupmb8yef5,3.18%,68.07%,63.79%,8.66%,9.02%,8.84%,0.00 KB,9108.20 KB,294.31 KB,49.60 KB,786.13 KB,142.52 KB
i-k1a31om43quupid6qagw,2.82%,69.07%,63.17%,9.33%,9.72%,9.47%,0.00 KB,0.07 KB,0.00 KB,43.60 KB,848.53 KB,165.74 KB
i-k1ai6ysvjusa5fh8jz7v,17.62%,69.00%,65.21%,51.38%,51.69%,51.55%,122.20 KB,17827.67 KB,2696.40 KB,65.40 KB,2496.67 KB,1491.92 KB
i-k1aj703lsto4tgap560p,13.95%,68.56%,65.15%,51.42%,51.66%,51.57%,33.67 KB,17498.80 KB,2587.94 KB,85.93 KB,2543.53 KB,1462.33 KB
i-k1a1nmur0i4h5q9ibu1k,42.60%,69.70%,65.43%,48.47%,55.75%,52.65%,41808.80 KB,73059.33 KB,62667.07 KB,685.20 KB,4527.40 KB,1547.94 KB
i-k1a8ghv86o1hn6lcg1gd,55.98%,100.00%,97.31%,21.86%,34.53%,28.24%,36358.73 KB,54503.47 KB,46349.36 KB,95.33 KB,4193.33 KB,1094.00 KB
i-k1aig3xkzl6wmg1n2cm6,8.96%,100.00%,73.38%,null,null,null,0.07 KB,488.00 KB,42.50 KB,45.00 KB,270.80 KB,105.55 KB
i-k1a668gjushe7pn3amp5,20.64%,48.50%,27.01%,48.32%,62.99%,53.41%,7643.93 KB,11398.93 KB,9695.31 KB,603.40 KB,6786.60 KB,5055.62 KB
i-k1a2ksc5jdisqgt65xzz,80.83%,100.00%,99.13%,94.92%,98.87%,98.43%,10094.60 KB,107857.73 KB,71784.01 KB,1531.40 KB,7816.00 KB,6694.58 KB
i-k1a2ksc5jdisqgt65y00,8.45%,66.78%,60.55%,22.24%,43.11%,28.92%,0.00 KB,394.13 KB,28.68 KB,156.40 KB,6634.93 KB,6306.63 KB
i-k1aa0ybrc16wpglxz4ae,15.61%,99.98%,95.36%,59.06%,99.27%,88.00%,4647.60 KB,105238.07 KB,31657.40 KB,62.33 KB,7809.93 KB,6494.48 KB
i-k1aa0ybrc16wpglxz4ad,16.48%,100.00%,96.09%,71.42%,99.34%,80.54%,4929.53 KB,56014.13 KB,19218.98 KB,80.40 KB,7830.67 KB,6609.95 KB
i-k1a2zsxxj2ezoggr5ejh,11.98%,20.21%,17.11%,63.68%,64.39%,64.21%,886.27 KB,10612.80 KB,6573.26 KB,6747.73 KB,17459.40 KB,12473.49 KB
i-k1a9u166e7at8jh0d4vr,null,null,null,28.72%,28.99%,28.90%,6648.93 KB,234025.80 KB,123345.93 KB,1261.00 KB,44321.86 KB,27393.92 KB
i-k1a9u166e7at7xro4j4u,53.69%,93.01%,87.20%,64.57%,65.72%,65.19%,7910.00 KB,32116.13 KB,13587.21 KB,3344.13 KB,16338.53 KB,14615.62 KB
i-k1a9u166e7at7xro4j4v,55.52%,94.45%,86.34%,64.33%,66.59%,65.02%,8283.47 KB,17240.93 KB,14063.23 KB,5152.40 KB,16052.27 KB,13932.92 KB
i-k1a9u166e7at7xro4j4s,1.53%,11.36%,10.50%,22.08%,22.21%,22.15%,0.00 KB,0.20 KB,0.01 KB,39.73 KB,515.87 KB,123.31 KB
i-k1a9u166e7at7xro4j4t,4.22%,63.24%,59.37%,38.67%,48.38%,46.88%,2811.73 KB,27980.47 KB,11270.49 KB,1670.40 KB,6833.80 KB,3836.60 KB
i-k1a9u166e7at7xro4j4r,31.52%,63.34%,59.93%,45.63%,47.51%,46.75%,5639.53 KB,33985.27 KB,12325.66 KB,1686.87 KB,6647.33 KB,3457.14 KB
i-k1a7jhrm00iaajee6qs0,27.84%,72.07%,68.50%,36.63%,38.31%,38.07%,2233.53 KB,21270.07 KB,4227.54 KB,315.13 KB,6613.20 KB,4453.30 KB
i-k1a7jhrm00iaajee6qs2,45.64%,100.00%,97.35%,28.07%,98.67%,95.75%,3452.47 KB,117960.73 KB,40118.52 KB,175.13 KB,7807.47 KB,6693.15 KB
i-k1a7jhrm00iaajee6qs1,54.36%,100.00%,97.56%,29.22%,99.01%,95.31%,3035.40 KB,118071.67 KB,57970.45 KB,138.00 KB,7829.53 KB,6381.88 KB
i-k1a7jhrm00iaajee6qrx,4.48%,51.24%,44.81%,9.62%,15.92%,15.61%,0.00 KB,2.60 KB,0.22 KB,572.87 KB,6656.53 KB,3612.61 KB
i-k1a7jhrm00iaajee6qry,4.23%,51.95%,43.74%,7.18%,15.49%,15.14%,0.00 KB,634.07 KB,20.50 KB,548.40 KB,6641.73 KB,3808.99 KB
i-k1a7jhrm00iaajee6qrz,28.68%,72.10%,69.30%,37.01%,37.27%,37.14%,3101.27 KB,17306.07 KB,7202.32 KB,727.47 KB,6694.80 KB,3526.91 KB
i-k1aj4s4hax3456em6l3x,14.17%,52.56%,21.33%,29.88%,55.03%,53.72%,5554.93 KB,18219.27 KB,7570.95 KB,603.13 KB,1977.33 KB,1485.24 KB
